/*
 Navicat Premium Data Transfer

 Source Server         : 123456
 Source Server Type    : MySQL
 Source Server Version : 80021
 Source Host           : 82.156.216.11:3306
 Source Schema         : ctgu

 Target Server Type    : MySQL
 Target Server Version : 80021
 File Encoding         : 65001

 Date: 01/08/2021 20:41:51
*/

SET NAMES utf8mb4;
SET FOREIGN_KEY_CHECKS = 0;

-- ----------------------------
-- Table structure for admin
-- ----------------------------
DROP TABLE IF EXISTS `admin`;
CREATE TABLE `admin`  (
  `mid` int(0) NOT NULL AUTO_INCREMENT,
  `username` varchar(20) CHARACTER SET utf8 COLLATE utf8_general_ci DEFAULT NULL,
  `password` varchar(20) CHARACTER SET utf8 COLLATE utf8_general_ci DEFAULT NULL,
  `truename` varchar(20) CHARACTER SET utf8 COLLATE utf8_general_ci DEFAULT NULL,
  `phone` varchar(20) CHARACTER SET utf8 COLLATE utf8_general_ci DEFAULT NULL,
  PRIMARY KEY (`mid`) USING BTREE
) ENGINE = InnoDB AUTO_INCREMENT = 21 CHARACTER SET = utf8 COLLATE = utf8_general_ci ROW_FORMAT = Dynamic;

-- ----------------------------
-- Records of admin
-- ----------------------------
INSERT INTO `admin` VALUES (1, 'admin1', '123456', '文立诚', '13342522232');
INSERT INTO `admin` VALUES (2, 'admin2', '123456', '马阳泽', '14949629983');
INSERT INTO `admin` VALUES (3, 'admin3', '123456', '谢子轩', '13362400734');
INSERT INTO `admin` VALUES (4, 'admin4', '123456', '金鸿德', '19312738158');
INSERT INTO `admin` VALUES (5, 'admin5', '123456', '谭景澄', '14909537745');
INSERT INTO `admin` VALUES (6, 'admin6', '123456', '龚群', '19968458697');
INSERT INTO `admin` VALUES (7, 'admin7', '123456', '马博文', '18090235270');
INSERT INTO `admin` VALUES (8, 'admin8', '123456', '方高远', '19198777306');
INSERT INTO `admin` VALUES (9, 'admin9', '123456', '郑德庸', '17744197241');
INSERT INTO `admin` VALUES (10, 'admin10', '123456', '范斌蔚', '18979097594');
INSERT INTO `admin` VALUES (11, 'admin11', '123456', '谢欣然', '13384747847');
INSERT INTO `admin` VALUES (12, 'admin12', '123456', '谭高懿', '13381863949');
INSERT INTO `admin` VALUES (13, 'admin13', '123456', '赵昂', '18937859001');
INSERT INTO `admin` VALUES (14, 'admin14', '123456', '程志泽', '17387130458');
INSERT INTO `admin` VALUES (15, 'admin15', '123456', '姜涵润', '19108721931');
INSERT INTO `admin` VALUES (16, 'admin16', '123456', '杜宏伟', '14951913908');
INSERT INTO `admin` VALUES (17, 'admin17', '123456', '谭华皓', '18959262624');
INSERT INTO `admin` VALUES (18, 'admin18', '123456', '邵哲', '18979080411');
INSERT INTO `admin` VALUES (19, 'admin19', '123456', '熊翰', '17325435068');
INSERT INTO `admin` VALUES (20, 'admin20', '123456', '常英飙', '17368173877');

-- ----------------------------
-- Table structure for comment
-- ----------------------------
DROP TABLE IF EXISTS `comment`;
CREATE TABLE `comment`  (
  `name` varchar(255) CHARACTER SET utf8mb4 COLLATE utf8mb4_0900_ai_ci DEFAULT NULL,
  `headimg` varchar(255) CHARACTER SET utf8mb4 COLLATE utf8mb4_0900_ai_ci DEFAULT NULL,
  `ctime` datetime(0) DEFAULT NULL,
  `cid` int(0) NOT NULL AUTO_INCREMENT,
  `userid` int(0) DEFAULT NULL,
  `content` varchar(255) CHARACTER SET utf8mb4 COLLATE utf8mb4_0900_ai_ci DEFAULT NULL,
  `reply` varchar(255) CHARACTER SET utf8mb4 COLLATE utf8mb4_0900_ai_ci DEFAULT NULL,
  PRIMARY KEY (`cid`) USING BTREE
) ENGINE = InnoDB AUTO_INCREMENT = 39 CHARACTER SET = utf8mb4 COLLATE = utf8mb4_0900_ai_ci ROW_FORMAT = Dynamic;

-- ----------------------------
-- Records of comment
-- ----------------------------
INSERT INTO `comment` VALUES ('长发哥', 'https://www.hualigs.cn/image/60fe1e118ebcd.jpg\r\n', '2021-07-26 10:26:35', 1, 1, '你的嘉强，潮流之王', 'hhhhhhh');
INSERT INTO `comment` VALUES ('无敌霹雳哥', 'https://www.hualigs.cn/image/60fe1e118ebcd.jpg', '2021-07-26 01:54:26', 7, 1, 'hello,world', '收到收到收到');
INSERT INTO `comment` VALUES ('ruizi', 'https://www.hualigs.cn/image/60fe1e118ebcd.jpg', '2021-07-26 03:46:56', 9, 1, 'dasdsfsfsdfs', '好的好的好的');
INSERT INTO `comment` VALUES ('jtsdw', 'https://pic4.zhimg.com/v2-7e812845a1596a4eba6cac1fe143c62e_is.jpg', '2021-07-26 22:24:27', 14, 4, 'Hello,test', 'okoko');
INSERT INTO `comment` VALUES ('江山', 'https://pic4.zhimg.com/v2-7e812845a1596a4eba6cac1fe143c62e_is.jpg', '2021-07-26 22:25:11', 15, 4, '可堪孤馆闭春寒,杜鹃声里斜阳暮', ' \"非常感谢您使用本公司产品，为了守护水稻健康，你我一起努力！\"');
INSERT INTO `comment` VALUES ('修', 'https://pic4.zhimg.com/v2-7e812845a1596a4eba6cac1fe143c62e_is.jpg', '2021-07-26 22:25:46', 16, 4, '泪眼问花花不语,乱红飞过秋千去', ' \"非常感谢您使用本公司产品，为了守护水稻健康，你我一起努力！\"');
INSERT INTO `comment` VALUES ('纳兰', 'https://pic4.zhimg.com/v2-7e812845a1596a4eba6cac1fe143c62e_is.jpg', '2021-07-26 22:26:12', 17, 4, '人生若只如初见,何事秋风悲画扇', ' \"非常感谢您使用本公司产品，为了守护水稻健康，你我一起努力！\"');
INSERT INTO `comment` VALUES ('若', 'https://pic4.zhimg.com/v2-7e812845a1596a4eba6cac1fe143c62e_is.jpg', '2021-07-26 22:26:39', 18, 4, '已是十年踪迹十年心', ' \"非常感谢您使用本公司产品，为了守护水稻健康，你我一起努力！\"');
INSERT INTO `comment` VALUES ('', 'https://www.hualigs.cn/image/60fe1e118ebcd.jpg', '2021-07-27 02:26:26', 19, 1, '牛逼', '好的好的好的好的收到收到');
INSERT INTO `comment` VALUES ('单嘉强', 'https://pic4.zhimg.com/v2-7e812845a1596a4eba6cac1fe143c62e_is.jpg', '2021-07-27 02:28:11', 21, 4, '黑白无常', NULL);
INSERT INTO `comment` VALUES ('first', 'https://www.hualigs.cn/image/60fe1e118ebcd.jpg', '2021-07-27 03:25:53', 22, 1, '太棒了太棒了', NULL);
INSERT INTO `comment` VALUES ('', 'https://www.hualigs.cn/image/60fe1e118ebcd.jpg', '2021-07-27 03:26:10', 23, 1, '快来帮我解决一下这个问题好吗', '您好,您的问题我们已经注意到了,马上解决');
INSERT INTO `comment` VALUES ('test', 'https://www.hualigs.cn/image/60fe1e118ebcd.jpg', '2021-07-27 03:26:28', 24, 1, '你们这是什么公司啊,害人不浅啊你们', NULL);
INSERT INTO `comment` VALUES ('dsdad', 'https://www.hualigs.cn/image/60fe1e118ebcd.jpg', '2021-07-27 21:46:01', 25, 1, '我去我去我去我去我去', NULL);
INSERT INTO `comment` VALUES ('无名氏', 'https://pic4.zhimg.com/v2-7e812845a1596a4eba6cac1fe143c62e_is.jpg', '2021-07-28 00:38:46', 26, 4, '待到山花烂漫时,她在丛中笑', '好的,收到收到收到');
INSERT INTO `comment` VALUES ('sss', NULL, '2021-07-29 07:33:34', 32, 2005, '1212313213', NULL);
INSERT INTO `comment` VALUES ('还有两天放假', 'https://pic4.zhimg.com/v2-7e812845a1596a4eba6cac1fe143c62e_is.jpg', '2021-07-29 19:55:32', 33, 4, '啦啦啦啦啦啦啦啦啦啦啦啦啦啦啦啦啦', NULL);
INSERT INTO `comment` VALUES ('zzzz', 'https://z3.ax1x.com/2021/07/29/WqcG4J.png', '2021-07-30 20:26:40', 34, 1, '666666', 'hellow');
INSERT INTO `comment` VALUES ('厄飞流斯', 'https://z3.ax1x.com/2021/07/29/WqcG4J.png', '2021-07-30 20:35:48', 36, 1, '我是吴亦凡', '你好小');
INSERT INTO `comment` VALUES ('长发哥', 'https://z3.ax1x.com/2021/07/29/WqcG4J.png', '2021-07-30 20:58:25', 37, 1, '你的加强', NULL);
INSERT INTO `comment` VALUES ('youke', 'https://z3.ax1x.com/2021/07/29/WqcG4J.png', '2021-07-30 21:55:39', 38, 1, '???', 'nihao');

-- ----------------------------
-- Table structure for pest
-- ----------------------------
DROP TABLE IF EXISTS `pest`;
CREATE TABLE `pest`  (
  `kind` int(0) DEFAULT NULL,
  `name` varchar(255) CHARACTER SET utf8 COLLATE utf8_general_ci DEFAULT NULL,
  `place` varchar(255) CHARACTER SET utf8 COLLATE utf8_general_ci DEFAULT NULL,
  `time` varchar(255) CHARACTER SET utf8 COLLATE utf8_general_ci DEFAULT NULL,
  `content` varchar(255) CHARACTER SET utf8 COLLATE utf8_general_ci DEFAULT NULL,
  `infourl` varchar(255) CHARACTER SET utf8 COLLATE utf8_general_ci DEFAULT NULL,
  `info` varchar(255) CHARACTER SET utf8 COLLATE utf8_general_ci DEFAULT NULL,
  `basic` varchar(400) CHARACTER SET utf8 COLLATE utf8_general_ci DEFAULT NULL,
  `bio` varchar(255) CHARACTER SET utf8 COLLATE utf8_general_ci DEFAULT NULL,
  `agr` varchar(255) CHARACTER SET utf8 COLLATE utf8_general_ci DEFAULT NULL,
  `pestid` int(0) NOT NULL AUTO_INCREMENT,
  PRIMARY KEY (`pestid`) USING BTREE
) ENGINE = InnoDB AUTO_INCREMENT = 20 CHARACTER SET = utf8 COLLATE = utf8_general_ci ROW_FORMAT = Dynamic;

-- ----------------------------
-- Records of pest
-- ----------------------------
INSERT INTO `pest` VALUES (1, '稻瘟病', '华南稻区、长江中下游稻区、西南稻区、北方稻区、黄淮稻区', '7月中下旬', '一般在水稻分蘖盛期盛发，病菌侵染叶片初期产生水溃状褐点，感病品种很快形成大的圆形或椭圆形褐斑，严重时病斑密布，叶片枯焦，全株中毒萎缩，根腐枯死。', 'https://z3.ax1x.com/2021/07/23/WrnyRg.jpg', '稻瘟病又名稻热病、火烧瘟、叩头瘟等，是由稻瘟病原菌引起的、发生在水稻的一种病害。稻瘟病在水稻整个生育期中都可发生，为害秧苗、叶片、穗、节等，分别称为苗瘟、叶瘟、穗瘟和节瘟', '稻瘟病在水稻各生育期和各个部位均可发生。根据发病时期和发病部位可分为苗瘟、叶瘟、叶枕瘟、节瘟、穗颈瘟、枝梗瘟、谷粒瘟等。其中以叶瘟、穗颈瘟最为常见，危害较大。叶瘟严重时，全田呈火烧状，新叶不易伸长，植株矮缩，抽穗艰难。抽穗期穗瘟发生严重时，导致大量白穗或瘪粒。', '咪鲜胺防治叶温时期在7月上、中旬，叶瘟发生初期用药。要预防穗颈瘟在水稻始穗期、齐穗期各喷一次预防效果明显。', '加强肥、水管理 科学管理肥、水，既可改善环境条件，控制病菌的繁殖和侵染，又可促使水稻健壮生长，提高抗病性，从而获得高产稳产。注意氮、磷、钾配合施用，基肥、有机肥和化肥配合使用，适当施用含硅酸的肥料（如草木灰、矿渣、窑灰钾肥等），做到施足钾肥，早施追肥，中期看苗、看田、看天巧用施肥技术。硅、镁肥混施，可促进硅酸的吸收，能较大幅度地降低发病率。绿肥埋青量要适当，适量施用石灰可促进其腐烂，中和酸性。冷浸田应注意增施磷肥', 1);
INSERT INTO `pest` VALUES (2, '二化螟', '华南稻区、长江中下游稻区、西南稻区、北方稻区、黄淮稻区', '7月到8月之间', '蛀食水稻茎部，为害分蘖期水稻，造成枯鞘和枯心苗；为害孕穗、抽穗期水稻，造成枯孕穗和白穗；为害灌浆、乳熟期水稻，造成半枯穗和虫伤株。', 'https://z3.ax1x.com/2021/07/23/WrEgfJ.jpg', '二化螟属鳞翅目，螟蛾科，是我国水稻上危害最为严重的常发性害虫之一，蛀食水稻茎部，为害分蘖期水稻，造成枯鞘和枯心苗；为害孕穗、抽穗期水稻，造成枯孕穗和白穗；为害灌浆、乳熟期水稻，造成半枯穗和虫伤株。为害株田间呈聚集分布，中心明显。', '初孵幼虫先侵入叶鞘集中为害，造成枯鞘，到2～3龄后蛀入茎秆，造成枯心、白穗和虫伤株。初孵幼虫，在苗期水稻上一般分散或几条幼虫集中为害；在大的稻株上，一般先集中为害，至3龄幼虫后才转株为害。', '为充分利用卵期天敌，应尽量避开卵孵盛期用药。一般在早、晚稻分蘖期或晚稻孕穗、抽穗期卵孵高峰后5～7天，当枯鞘丛率5%～8%，或早稻每667平方米有中心受害株100株或丛害率1%～1.5%或晚稻受害团高于100个时，应及时用药防治；未达到防治指标的田块可挑治枯鞘团。二化螟盛发时，水稻处于孕穗抽穗期，防治白穗和虫伤株，以卵盛孵期后15～20天成熟的稻田作为重点防治对象田。', '主要采取消灭越冬虫源、灌水灭虫、避害等措施。冬闲田在冬季或翌年早春3月底以前翻耕灌水。早稻草要放到远离晚稻田的地方曝晒，以防转移危害；晚稻草则要在春暖后化蛹前做燃料处理，烧死幼虫和蛹。4月下旬至5月上旬（化蛹高峰至蛾始盛期），灌水淹没稻桩3～5天，能淹死大部分老熟幼虫和蛹，减少发生基数。尽量避免单、双季稻混栽，可以有效切断虫源田和桥梁田之间的联系，降低虫口数量。不能避免时，单季稻田提早翻耕灌水，降低越冬代数量；双季早稻收割后及时翻耕灌水，防止幼虫转移危害。', 2);
INSERT INTO `pest` VALUES (1, '黑条矮缩病', '华南稻区、长江中下游稻区、黄淮稻区', '6月下旬', '叶色深绿，叶背的叶脉和茎秆上现初蜡白色，后变褐色的短条瘤状隆起，不抽穗或穗小，结实不良。', 'https://z3.ax1x.com/2021/07/23/WrZZ2d.jpg', '黑条矮缩病。叶色深绿，叶背的叶脉和茎秆上现初蜡白色，后变褐色的短条瘤状隆起，不抽穗或穗小，结实不良。不同生育期染病后的症状略有差异。苗期发病 心叶生长缓慢，叶片短宽、僵直、浓绿，叶脉有不规则蜡白色瘤状突起，后变黑褐色。根短小，植株矮小，不抽穗，常提早枯死。分蘖期发病 新生分蘖先显症，主茎和早期分蘖尚能抽出短小病穗，但病穗缩藏于叶鞘内。拔节期发病 剑叶短阔，穗颈短缩，结实率低。叶背和茎秆上有短条状瘤突。', '简称RBSDV，称稻黑条矮缩病毒，属植物呼肠弧病毒组病毒。病毒粒子为等径对称的球状多面体，大小75-80nm。病毒粒子有衣壳内外二层。细胞质中病毒粒子以三种形式存在：一种是分散或不规则聚集，另一种是有规则的晶状排列，再一种病毒粒子排列成串，外包一层膜呈豆荚状、鞘状或管状构造。病毒钝化温度50-60度，病叶汁液稀释限点10000-10000倍，病叶汁液体外保毒期5-6天。', '武夷菌素能够防治水稻的黑条矮缩病、条纹叶枯病和玉米的粗缩病。', '注意秧田、本田前期防治，还要注意麦田防虫。抓住一代成虫从麦田迁向稻田和二、三代成虫由早稻本田迁向晚稻秧田及玉米上，末代成虫和越冬若虫从晚稻迁到早播麦田的防治。', 3);
INSERT INTO `pest` VALUES (1, '纹枯病', '华南稻区、长江中下游稻区、西南稻区、北方稻区、黄淮稻区', '3月中旬至4月上旬', '是由立枯丝核菌侵染引起的一种真菌病害。是水稻发生最为普遍的主要病害之一，一般早稻重于晚稻，往往造成谷粒不饱满，空壳率增加，严重的可引起植株倒伏枯死。常见于水稻、小麦、谷子等禾本科植物。', 'https://z3.ax1x.com/2021/07/23/WrZNMn.jpg', '纹枯病，是由立枯丝核菌侵染引起的一种真菌病害。是水稻发生最为普遍的主要病害之一，一般早稻重于晚稻，往往造成谷粒不饱满，空壳率增加，严重的可引起植株倒伏枯死。常见于水稻、小麦、谷子等禾本科植物。', '叶鞘染病在近水面处产生暗绿色水浸状边缘模糊小斑，后渐扩大呈椭圆形或云纹形，中部呈灰绿或灰褐色，湿度低时中部呈淡黄或灰白色，中部组织破坏呈半透明状，边缘暗褐。发病严重时数个病斑融合形成大病斑，呈不规则状云纹斑，常致叶片发黄枯死。叶片染病病斑也呈云纹状，边缘褪黄，发病快时病斑呈污绿色，叶片很快腐烂，茎秆受害症状似叶片，后期呈黄褐色，易折。穗颈部受害初为污绿色，后变灰褐，常不能抽穗，抽穗的秕谷较多，千粒重下降。湿度大时，病部长出白色网状菌丝，后汇聚成白色菌丝团，形成菌核，菌核深褐色，易脱落。高温条件下病斑上产生一层白色粉霉层即病菌的担子和担孢子。', '井冈霉素与枯草芽孢杆菌或蜡质芽孢杆菌的复配剂如纹曲宁等药剂，持效期比井冈霉素长，可以选用。丙环唑、烯唑醇、己唑醇等部分唑类杀菌剂对水稻纹枯病防治效果好，持效期较长。烯唑醇、丙环唑等唑类杀菌剂对水稻体内的赤霉素形成有影响，能抑制水稻茎节拔长。但这些杀菌农药在水稻上部3个拔长节间拔长期使用，特别是超量使用，可能影响这些节间的拔长，严重的可造成水稻抽穗不良，出现包颈现象，其中烯唑醇等药制的抑制作用更为明显。高科恶霉灵或苯醚甲环唑与丙环唑或腈菌唑等三唑类的复配剂在水稻抽穗前后可以使用。', '打捞菌核，减少菌源。要每季大面积打捞并带出田外深埋。加强栽培管理，施足基肥，追肥早施，不可偏施氮肥，增施磷钾肥，采用配方施肥技术，使水稻前期不披叶，中期不徒长，后期不贪青。灌水做到分蘖浅水、够苗露田、晒田促根、肥田重晒、瘦田轻晒、长穗湿润、不早断水、防止早衰，要掌握“前浅、中晒、后湿润”的原则。选用良种，根据保山市各稻区的生产特点，在注重高产、优质、熟期适中的前提下，宜选用分蘖能力适中、株型紧凑、叶型较窄的水稻品种；以降低田间荫蔽作用、增加通透性及降低空气相对湿度、提高稻株抗病能力。', 4);
INSERT INTO `pest` VALUES (1, '白叶枯病', '华南稻区、长江中下游稻区、西南稻区、北方稻区、黄淮稻区', '7月至8月中旬', '白叶枯病主要发生于叶片及叶鞘上。初起在叶缘产生半透明黄色小斑，以后沿叶缘一侧或两侧或沿中脉发展成波纹状的黄绿或灰绿色病斑；病部与健部分界线明显；数日后病斑转为灰白色，并向内卷曲，远望一片枯槁色。', 'https://z3.ax1x.com/2021/07/23/WrectS.jpg', '水稻白叶枯病浴称着凤、过火风、白叶瘟等，是由水稻白叶枯病原细菌引起的、发生在水稻的一种病害。该病为害叶片，也可侵染叶鞘。是中国植物检疫对象。', '白叶枯病主要发生于叶片及叶鞘上。初起在叶缘产生半透明黄色小斑，以后沿叶缘一侧或两侧或沿中脉发展成波纹状的黄绿或灰绿色病斑；病部与健部分界线明显；数日后病斑转为灰白色，并向内卷曲，远望一片枯槁色，故称白叶枯病。', '用强氯精浸种或80%“402”浸种，浸种方法同稻瘟病。选好秧田位置，加强灌溉水管理，防止淹苗。在三叶一心期和移栽前施药预防。亩用25%叶枯宁（又叫川化018）或叶青双可湿性粉剂100克兑水喷雾。', '发生过白叶枯病的田块和低洼易涝田都要种植抗病品种。平整稻田，防止串灌、漫灌传播病害；适时适度晒田，施足底肥，多施P、K肥，不要过量过迟追施氮肥。', 5);
INSERT INTO `pest` VALUES (2, '稻飞虱', '华南稻区、长江中下游稻区、西南稻区、黄淮稻区', '9月上、中旬', '传播植物病毒病。以刺吸植株汁液危害水稻等作物。', 'https://z3.ax1x.com/2021/07/23/WrehXn.jpg', '稻飞虱，属于同翅目飞虱科，俗称蠓子虫、火蠓虫、响虫。以刺吸植株汁液危害水稻等作物。我国为害水稻的飞虱主要有三种：褐飞虱、白背飞虱 和灰飞虱 ，其中以褐飞虱发生和为害最重，白背飞虱次之。', '褐飞虱食性单一，在自然情况下只取食水稻和普通野生稻；白背飞虱主要为害水稻，兼食大麦、小麦、粟、玉米、甘蔗、野生稻、早熟禾、高粱等；灰飞虱取食水稻、小麦、大麦、玉米、高粱、甘蔗等禾本科植物。', '保护利用自然天敌，调整用药时间，改进施药方法，减少施药次数，用药量要合理，以减少对天敌的伤害，达到保护天敌的目的。其次，可采用草把助迁蜘蛛等措施，对防治飞虱有较好效果。', '栽培和管理措施，创造有利于水稻生长发育而不利于稻飞虱发生的环境条件。对水稻种植要合理布局，实行连片种植，防止稻飞虱来回迁移，辗转为害。在水稻生育期，要实行科学管理肥水：施肥要做到控氮、增钾、补磷；灌水要浅水勤灌，适时烤田，使 田间通风透光，降低田间湿度，防止水稻贪青徒长。灰飞虱可结合冬季积肥，清除杂草，消灭越冬虫源。', 6);
INSERT INTO `pest` VALUES (2, '稻纵卷叶螟', '华南稻区、长江中下游稻区、西南稻区、黄淮稻区', '7月上、中旬', '以幼虫为害水稻，缀叶成纵苞，躲藏其中取食上表皮及叶肉，仅留白色下表皮。苗期受害影响水稻正常生长，甚至枯死；分蘖期至拔节期受害，分蘖减少，植株缩短，生育期推迟；孕穗后特别是抽穗到齐穗期剑叶被害，影响开花结实，空壳率提高，千粒重下降。', 'https://z3.ax1x.com/2021/07/23/Wrez0x.jpg', '稻纵卷叶螟，别称为刮青虫、白叶虫，苞叶虫等，是中国水稻产区的主要害虫之一，广泛分布于各稻区。除为害水稻外，还可取食大麦、小麦、甘蔗、粟等作物及稗、李氏禾、雀稗、双穗雀稗、马唐、狗尾草、蟋蟀草、茅草、芦苇等杂草。', '以幼虫为害水稻，缀叶成纵苞，躲藏其中取食上表皮及叶肉，仅留白色下表皮。苗期受害影响水稻正常生长，甚至枯死；分蘖期至拔节期受害，分蘖减少，植株缩短，生育期推迟；孕穗后特别是抽穗到齐穗期剑叶被害，影响开花结实，空壳率提高，千粒重下降。', '天敌。稻纵卷叶螟绒茧蜂。稻纵卷叶螟绒茧蜂是专门寄生于纵卷叶螟低龄幼虫期的一种优势种天敌；赤眼蜂螟赤眼蜂和拟澳洲赤眼蜂是寄生稻纵卷叶螟的主要蜂种。以茵治虫。用杀螟杆菌、青虫菌等细菌农药防治稻纵卷叶螟，每亩用100～150克(每克菌粉含活孢子100亿以上)，加水60～75公斤喷雾(土法生产的菌粉，可按含菌量推算)。喷雾时加入药量0．1%的洗衣粉或茶枯粉(即茶子饼粉)作湿润剂，可提高防治效果。', '冬季和早春结合积肥治螟，挖光草子留种田的稻根，捡净春花田的外露稻根，特别注意清除河边、塘边、田边、沟边的杂草，并烧制成焦泥灰。做到治虫积肥一举两得。利用水稻抗性选用抗病虫高产良种，结合合理施肥，防止水稻前期猛发嫩绿，后期恋青迟熟，使水稻生长正常，适期成熟，对减轻为害有一定作用。据徐州地区农科所试验，不同品种具有对虫体成活率差异较大的抗生性。同时，不同品种还具有对产卵的抗选性。', 7);
INSERT INTO `pest` VALUES (1, '恶苗病', '长江中下游稻区、北方稻区', '7月中下旬', '苗期发病病苗比健苗细高，叶片叶鞘细长，叶色淡黄，根系发育不良，部分病苗在移栽前死亡。在枯死苗上有淡红或白色霉粉状物节间明显伸长，节部常有弯曲露于叶鞘外，下部茎节逆生多数不定须根，分蘖少或不分蘖。剥开叶鞘，茎秆上有暗褐条斑，剖开病茎可见白色蛛丝状菌丝，以后植株逐渐枯死。', 'https://z3.ax1x.com/2021/07/23/WrmF9e.jpg', '又称徒长病，全国各稻区均有发生。1926年，科学家观察到，当水稻感染了赤霉菌后，会出现植株疯长的现象，病株往往比正常植株高50%以上，而且结实率大大降低，因而称之为“恶苗病”。', '症状：病谷粒播后常不发芽或不能出土。苗期发病病苗比健苗细高，叶片叶鞘细长，叶色淡黄，根系发育不良，部分病苗在移栽前死亡。在枯死苗上有淡红或白色霉粉状物，即病原菌的分生孢子。节间明显伸长，节部常有弯曲露于叶鞘外，下部茎节逆生多数不定须根，分蘖少或不分蘖。剥开叶鞘，茎秆上有暗褐条斑，剖开病茎可见白色蛛丝状菌丝，以后植株逐渐枯死。', '妥善处理病稻草，不能随便乱扔，也不能堆放在田边地头，不能作种子催芽的覆盖物，不能用来捆扎秧把，可集中高温堆沤，严重的或火烧。必要时喷施天达95%恶霉灵或浩瀚高科30%甲霜恶霉灵效果突出。', '严格消毒种子。用50%的多菌灵100克，加水50千克浸种；或35%的恶苗灵120克，加水50千克浸种；或3%的生石灰水浸种48小时。药液浸泡必须注意的是，液面一定要高出种子层面15－20厘米，供种子吸收。同时，在浸种过程中，药液面保持静止状态，中途不能搅拌，也不能重复使用，以保证闷死病菌。', 8);
INSERT INTO `pest` VALUES (1, '稻曲病', '华南稻区、长江中下游稻区、西南稻区、北方稻区、黄淮稻区', '8月中下旬', '在穗部发生，为害稻穗上的部分谷粒。其先在颖壳的合缝处露出淡黄绿色的小菌块，逐渐膨大，最后包裹全颖壳，为墨绿色或橄榄色，最后开裂，布满墨绿色粉末。', 'https://z3.ax1x.com/2021/07/23/Wrm13Q.jpg', '稻曲病又称伪黑穗病、绿黑穗病，是由稻绿核菌引起的、发生在水稻上的一种病害。该病仅在穗部发生，为害稻穗上的部分谷粒。其先在颖壳的合缝处露出淡黄绿色的小菌块，逐渐膨大，最后包裹全颖壳，为墨绿色或橄榄色，最后开裂，布满墨绿色粉末。', '稻曲病仅发生在水稻穗部，为害单个谷粒，少则1-2粒，多至十余粒。受害谷粒在内外颖处先裂开，露出淡黄色块状物，逐渐膨大包裹内外颍两侧，呈孢子球，开始很小，逐渐膨大，稍扁平，光滑，外覆盖一层薄膜，随着孢子球膨大而破裂。孢子球的颜色逐渐变为黄绿色至墨绿色，老面平滑，最后龟裂，散出圈绿色粉末，即病原菌的厚垣孢子。切开病球，外层呈墨绿色，第2层为橙黄色，第3层为淡黄色，内层为白色菌丝。有的病球到后期两侧生黑色稍扁平、硬质的菌核2-4粒，经风雨震动很容易脱落在田间越冬。', '第一次施药在破口前8天至破口抽穗20%时，可选用1：1：500的石灰倍量式波尔多液，或15%粉锈宁可湿性粉剂500倍液，或20%瘟曲克星可湿性粉剂500倍液，或14%络氨铜乳油500倍液，或50%琥胶肥酸铜可湿性粉剂500倍液喷雾。第二次在始穗期，可喷洒15.5%保穗宁可湿性粉剂500倍液，或40%禾枯灵可湿性粉剂500倍液，或12.5%敌力康可湿性粉剂2000倍液，或25%施保克乳油600倍液。', '选用抗病品种。建立无病留种田，选用无病种子。合理密植，适时移栽。施足基肥，增施农家肥，少施氮肥，配施磷、钾肥，增施硅肥，慎用穗肥。适时晒田，齐穗后干湿交替。及时摘除病粒带出田外深埋或烧毁。发病稻田水稻收割后要深翻、晒田。（2）种子处理。播前晒种1～2天，再用清水浸泡24小时，然后选用硫酸铜200倍液，或福尔马林50倍液或3%～5%生石灰水浸种3～5小时，也可用50%多菌灵500倍液浸种24小时。药液要盖种，勿动。', 9);
INSERT INTO `pest` VALUES (2, '稻苞虫', '长江中下游稻区、北方稻区', '4月中旬', '水稻受稻苞虫危害后，叶片残缺、植株矮小、稻穗变短、稻谷灌浆不充分、千粒重降低、严重影响水稻产量、一般发生年份减产10%~20%，大发生年份减产50%以上。', 'https://z3.ax1x.com/2021/07/23/WrmB34.jpg', '稻苞虫(Parnara guttata Bremer et Grey)属鳞翅目弄蝶科，别名稻弄蝶，是水稻上主要害虫之一，20 世纪90年代各稻区普遍发生，近年来发生呈加重趋势。水稻受稻苞虫危害后，叶片残缺、植株矮小、稻穗变短、稻谷灌浆不充分、千粒重降低、严重影响水稻产量、一般发生年份减产10%~20%，大发生年份减产50%以上。', '稻苞虫，早期危害造成白穗减产，晚期危害大量吞噬绿叶，造成绿叶面积锐减，稻谷灌浆不充分，千粒重低，严重减产，更为严重的是由于稻苞虫危害，导致稻粒黑粉病剧增，收获的稻谷中带病谷粒多，加工时黑粉不易去除，直接影响稻米质量，造成经济损失，威胁消费者的身体健康。直纹稻弄蝶又称直纹稻苞虫。除水稻外，尚食害甘蔗、玉米、麦类、茭白等作物，并能在游草、芦苇、稗等多种杂草上取食存活。抽穗前为害，使稻穗卷曲，无法抽出，或被曲折，不能开花结实，严重影响产量。直纹稻苞虫属鳞翅目，弄蝶科。', '在幼虫为害初期，可摘除虫苞或水稻孕穗前采用梳、拍、捏等方法杀虫苞。一般防治螟虫、稻纵卷叶螟的农药，对此虫也有效，故常可兼治。若发生量较大，需单独防治时，对3龄前幼虫，每亩每次可用18%杀虫双水剂100-150克喷雾，或用2.5%甲敌粉2-2.5千克喷粉；3龄后幼虫，可用90%敌百虫100-150克，或50%杀螟松乳油100克，或50%辛硫磷100克加水50-60升喷雾。也可用B.t.乳剂每亩200克对水50升喷雾防治。', '稻苞虫是水稻上一种食叶害虫，一般在山区、半山区、滨湖地区、新垦稻区、旱改水地区，常间歇发生成灾。幼虫为害水稻，缀叶成苞，蚕食稻叶，减少稻株光合作用面积，使植株矮小，穗短粒小或不实。据调查，稻苞虫在很多乡镇均有发生，大面积呈轻发生态势，还有个别村社发生严重。 （1）冬春季成虫羽化前，结合积肥，铲除田边、沟边、积水塘边的杂草，以消灭越冬虫源。', 10);
INSERT INTO `pest` VALUES (2, '稻三化螟', '华南稻区、长江中下游稻区', '7月到8月之间', '专食水稻，以幼虫蛀茎为害，分蘖期形成枯心，孕穗至抽穗期，形成枯孕穗和白穗，转株为害还形成虫伤株。“枯心苗”及“白穗”是其为害后稻株主要症状。', 'https://z3.ax1x.com/2021/07/23/WrmRUK.jpg', '三化螟(钻心虫)属鳞翅目，螟蛾科，广泛分布于长江流域以南稻区，特别是沿江、沿海平原地区受害严重。它食性单一，专食水稻，以幼虫蛀茎为害，分蘖期形成枯心，孕穗至抽穗期，形成枯孕穗和白穗，转株为害还形成虫伤株。“枯心苗”及“白穗”是其为害后稻株主要症状。', '三化螟因在江浙一带每年发生3代而得名，但在广东等地可发生5代。以老熟幼虫在稻桩内越冬，春季气温达16℃时，化蛹羽化飞往稻田产卵。在安徽每年发生3～4代，各代幼虫发生期和为害情况大致为：第一代在6月上中旬，为害早稻和早中稻造成枯心；第二代在7月份为害单季晚稻和迟中稻造成枯心，为害早稻和早中稻造成白穗；第三代在8月上中旬至9月上旬为害双季晚稻造成枯心，为害迟中稻和单季晚稻造成白穗；第四代在9、10月份，为害双季晚稻造成白穗。', '三化螟的天敌种类很多，寄生性的有稻螟赤眼蜂、黑卵蜂和啮小蜂等，捕食性天敌有蜘蛛、青蛙、隐翅虫等。病原微生物如白僵菌等是早春引起幼虫死亡的重要因子。对这些天敌，都应实施保护利用，还可使用生物农药bt、白僵菌等。', '①齐泥割稻、锄劈或拾毁冬作田的外露稻桩；②春耕灌水，淹没稻桩10天；③选择螟害轻的稻田或旱地作绿肥留种田；④减少水稻混栽，选用良种，调整播期，使水稻“危险生育期”避开蚁螟孵化盛期；⑤提高种子纯度，合理施肥和水浆管理。', 11);
INSERT INTO `pest` VALUES (2, '稻大螟', '华南稻区、长江中下游稻区', '7月上、中旬', '幼虫蛀入稻茎为害，可造成枯鞘、枯心苗、枯孕穗、白穗及虫伤株。大螟危害的孔较大，有大量虫粪排出茎外。受害稻茎的叶片、叶鞘部都变为黄色。', 'https://z3.ax1x.com/2021/07/23/WrmTKA.jpg', '大螟虫源复杂，发生盛期相对较长，再加上钻蛀危害的隐蔽性以及不同药对幼虫作用效果的差异，为获得药剂治螟的理想效果，在选准药剂和掌握用药方法的情况下，如大螟零星或偏轻发生时，可掌握在卵孵至低龄幼虫高峰期用药1次；如大螟达偏重及以上发生时，宜在卵孵始盛期与高峰期连续用药2次，必要时在低龄幼虫高峰期或田间危害始见期再用药复查补治1次。', '大螟可在小麦田为害，主要以越冬代高龄幼虫蛀食茎秆、第1代低龄幼虫为害小麦青穗。小麦成为大螟为害的有效中间寄主，积累了1代大螟基数，使稻田第2代大螟数量迅速上升。同时部分荒芜油菜田块，杂草丛生，也成为大螟的良好过渡环境。', '1、冬春期间铲除田边杂草，消灭其中越冬幼虫和蛹。\r\n\r\n2、防治策略狠治一代，重点防治稻田边行。\r\n\r\n3、有茭白的地区，应在开春前齐泥割去残株。', '农药防治，当当枯鞘率达5%或始见枯心苗危害时大部分幼虫处于1-2龄阶段。推荐用药玉米版六夫丁进行均匀喷雾使用。', 12);
INSERT INTO `pest` VALUES (2, '稻蓟马', '北方稻区、华南稻区、长江中下游稻区', '7月中下旬', '成、若虫以口器锉破叶面，成微细黄白色斑，叶尖两边向内卷折，渐及全叶卷缩枯黄，分蘖初期受害重的稻田，苗不长、根不发、无分蘖，甚至成团枯死。晚稻秧田受害更为严重，常成片枯死，状如火烧。穗期成、若虫趋向穗苞，扬花时，转入颖壳内，为害子房，造成空瘪粒', 'https://z3.ax1x.com/2021/07/23/Wrmx2Q.jpg', '昆虫名，为缨翅目，蓟马科。北起黑龙江、内蒙古自治区、南至广东、广西和云南，东自台湾及各省，西达四川、贵州均有发生。寄主于 水稻、小麦、玉米、粟、高粱、蚕豆、葱、烟草、甘蔗等。 成、若虫以口器锉破叶面，成微细黄白色斑，叶尖两边向内卷折，渐及全叶卷缩枯黄，分蘖初期受害重的稻田，苗不长、根不发、无分蘖，甚至成团枯死。晚稻秧田受害更为严重，常成片枯死，状如火烧。穗期成、若虫趋向穗苞，扬花时，转入颖壳内，为害子房，造成空瘪粒。', '稻蓟马生活周期短，发生代数多，世代重叠，多数以成虫在麦田,茭白及禾本科杂草等处越冬。成虫，常藏身卷叶尖或心叶内，早晚及阴天外出活动，有明显趋嫩绿稻苗产卵习性，卵散产于叶脉间，幼穗形\r\n稻蓟马\r\n稻蓟马(6张)\r\n成后则以心叶上产卵为多。初孵幼虫集中在叶耳、叶舌处，更喜欢在幼嫩心叶上为害。7、8月低温多雨，有利于发生为害；秧苗期、分蘖期和幼穗分化期，是蓟马的严重为害期，尤其是晚稻秧田和本田初期受害更全。', '防治时期：依据稻蓟马的发生为害规律，遭受稻蓟马的为害时期，一是秧苗四、五叶期用药一次，二是本田稻苗返青期。这两个时期应是保护的重点。即在秧田秧苗四、五叶期用药一次，第二次在秧苗移栽前2－3天用药。', '调整种植制度，尽量避免水稻早、中、晚混栽，相对集中播种期和栽秧期，以减少稻蓟马的繁殖桥梁田和辗转为害的机会。合理施肥，在施足基肥的基础上，适期适量追施返青肥，促使秧苗正常生长，减轻为害。防止乱施肥。', 13);
INSERT INTO `pest` VALUES (2, '稻象甲', '华南稻区、长江中下游稻区、西南稻区', '7月中下旬', '成虫以管状喙咬食秧苗茎叶，被害心叶抽出后，轻的呈现一横排小孔，重的秧叶折断，飘浮水面。幼虫食害稻株幼嫩须根，致叶尖发黄，生长不良。严重时不能抽穗，或造成秕谷，甚至成片枯死。', 'https://z3.ax1x.com/2021/07/23/Wrn9rn.jpg', '昆虫名，为鞘翅目，象虫科。分布在北起黑龙江，南至广东、海南，西抵陕西、甘肃、四川和云南，东达沿海各地和台湾。寄主于稻，瓜类、番茄、大豆、棉花，成虫偶食麦类、玉米、和油菜等。成虫以管状喙咬食秧苗茎叶，被害心叶抽出后，轻的呈现一横排小孔，重的秧叶折断，飘浮水面。幼虫食害稻株幼嫩须根，致叶尖发黄，生长不良。严重时不能抽穗，或造成秕谷，甚至成片枯死。', '稻象甲成虫以管状喙咬食水稻秧苗心叶，抽出后形成一排小孔，被咬稻叶易折断，漂浮水面，水稻分壤后为害逐渐减轻，玉米、高梁幼苗为害症状与水稻秧苗为害症状相似。稻象甲幼虫为害水稻新根，被害稻株叶尖发黄，叶片枯死，严重时整丛枯死，稻穗不能抽出或形成秕谷，甚至成片枯死', '(1)清洁田园。通过铲草皮、割草或喷施除草剂等措施，破坏稻象甲越冬及柄息场所。\r\n(2)午季作物收获后及时灌水翻耕，消灭部分虫源。\r\n(3)水稻育秧田应尽量选择远离山坡、堤坎等杂草较多的虫源区，并相对集中育秧，减轻为害。', '(4)适当推迟一季中稻播期，避开稻象甲为害高峰期，食源植物大量发生后，可以分散稻象甲为害；同时还可推迟水稻抽穗扬花期，避开7月下旬高温热害，增加结实率。\r\n(5)喷撒农药时，不仅要对秧苗喷药，还要对秧田周围杂草喷药，能起到较好的杀灭和阻隔作用，对为害较重的田块，可增加用药次数。\r\n(6)为提高农药的防治效果，可随药配用农田有机硅助剂“展透”，既增加叶片的农药附着率，叉增加农药对害虫的渗透性', 14);
INSERT INTO `pest` VALUES (2, '中华稻蝗', '华南稻区、长江中下游稻区、西南稻区、北方稻区、黄淮稻区', '6月上旬', '对作物的为害是以成、若虫咬食叶片，咬断茎秆和幼芽。水稻被害叶片成缺刻，严重时稻叶被吃光，也能咬坏穗颈和乳熟的谷粒。', 'https://z3.ax1x.com/2021/07/23/WrnZ24.jpg', '昆虫名，属直翅目，蝗科。国内各稻区几乎均有分布，以长江流域和黄淮稻区发生较重。', '以成虫和若虫咬食稻叶及小穗，轻者将稻叶咬成缺刻，重者吃光全部叶片，仅留主脉。水稻抽穗后可晈断小枝梗，或造成断穗、白穗。水稻乳熟时可直接吃食乳熟谷粒；水稻黄熟时，则可弹落稻谷影响产量。', '放鸭食虫或保护田间青蛙、蟾蜍、蜘蛛、寄生蜂等自然天敌，可有效抑制稻蝗的发生。其中，稻田蛙类，特别是黑斑蛙的数量可随中华稻蝗数量的增加而增多，当蛙类稳定达到一定数量后，其控虫作用显著。保护自然天敌，需在化学防治时，注意选择高效低毒、对环境友好的农药，减少对天敌的杀伤。', '针对中华稻蝗喜产卵于田埂、渠坡、荒草地的习性，可结合开垦荒滩、修整田翅、清淤堤培、深耕除草等措施，破坏中华稻蝗产卵和繁衍场所。及时清除田边四周杂草，减少草荒地面积，切断低龄蝗虫食 料 ，可减少虫源。在栽培管理上，要适期播种、合理肥水，促进水稻健壮生长。南方一些地区历来有用铁锹铲田埂杂草、烧焦泥灰的习惯，既可消灭蝗卵、减轻蝗害，又可肥田、改良土壤，是控制中华稻蝗较为实用的方法。', 15);
INSERT INTO `pest` VALUES (2, '福寿螺', '华南稻区、长江中下游稻区、西南稻区', '6月下旬', '以植物性饵料为主的杂食性螺类，主要取食浮萍、蔬菜、瓜果等，尤其喜欢吃带甜味的食物，也爱吃水中的动物腐肉。当没有更多食物时，会食漂在水面的微小物质', 'https://z3.ax1x.com/2021/07/23/Wrn1IK.jpg', '昆虫名，瓶螺科、瓶螺属软体动物。贝壳外观与田螺相似。具一螺旋状的螺壳，颜色随环境及螺龄不同而异，有光泽和若干条细纵纹，爬行时头部和腹足伸出。', '福寿螺的螺壳锋利，容易划伤农民的手脚，大量粪便可污染水体。与本地物种竞争导致本地淡水生物减少，甚至绝迹，影响水生物多样性。', '在沟渠和水稻移栽后，利用养鸭食螺。放鸭时间为水稻移栽后7-10天至水稻孕穗末期，选择中小体型，鸭龄30天的免疫鸭苗，鸭苗放养密度为20-25只/亩；冬季集中放鸭于沟渠和农田啄食幼螺，减少越冬螺量。由于福寿螺成螺外壳坚硬，生物防治一般无法消灭成螺。', '在春、秋季福寿螺产卵高峰期，在稻田中插些竹片、木条等，引诱福寿螺在这些竹片、木条上集中产卵，每2-3天摘除一次卵块并进行销毁，平时结合农事操作捡螺、消灭卵块；冬季结合冬修水利，整治沟渠，清除淤泥、杂草，破坏福寿螺的越冬场所，降低越冬螺的成活率和冬后的残螺量。此方法较费时费力，在农村劳动力短缺的情况下，很难通过人工防治方法达到防控福寿螺蔓延的效果。', 16);
INSERT INTO `pest` VALUES (2, '稻赤斑沫蝉', '华南稻区、长江中下游稻区、西南稻区', '6月下旬到7月下旬', '以成虫为害水稻，刺吸稻叶汁液。受害叶片叶尖失水枯黄，并逐渐扩展延伸，叶片上现不规则红褐色条斑或中脉与叶缘间变红。随着为害的加重和后期高温的影响，远看稻田一片枯焦，形如被火烧过一般。孕穗前受害，常不易抽穗，孕穗后受害致穗形短小秕粒多。一般造成减产10%～30%左右，严重时可达50%以上。', 'https://z3.ax1x.com/2021/07/23/WrnNMd.jpg', '昆虫名，同翅目，沫蝉科。别名赤斑沫蝉、稻赤斑黑沫蝉。', '为害水稻时主要为害剑叶，成虫刺吸叶部汁液，初现黄色斑点，叶尖先变红，后叶片上现不规则红褐色条斑或中脉与叶缘间变红，后全叶干枯。孕穗前受害，常不易抽穗，孕穗后受害致穗形短小秕粒多。为害玉米时，以针状口器刺吸玉米叶片汁液，致刺吸孔周围形成黄色至黄褐色梭形斑，受害叶出现一片片枯白。为害高粱时受害状与水稻类似，有的叶片现长椭圆形至不规则形枯斑，造成整株干枯死亡。\r\n形态特征编辑', '用2%阿维菌素乳油或1%甲胺基阿维菌素乳油，20%三唑磷乳油600-800倍液于下午4时后喷药防治。', '田边周围杂草，集中烧毁处理。撒石灰于田坎上的泡沫上，杀死赤斑黑沫蝉初孵若虫。', 17);
INSERT INTO `pest` VALUES (1, '稻胡麻斑病', '华南稻区、长江中下游稻区、西南稻区、北方稻区、黄淮稻区', '7月上、中旬', '叶片受害造成叶枯，穗部受害导致千粒重下降及空秕粒增多，影响产量和米质。随着中国水稻生产施肥水平提高和水利条件改善，该病危害日益减轻，但部分地区晚稻秧龄过长时，则发病较多，且引起后期穗枯，造成严重失收。', 'https://z3.ax1x.com/2021/07/23/WrnBIf.jpg', '水稻胡麻斑病又叫胡麻叶枯病，俗称饥饿病，是由稻平脐蠕孢引起的、发生在水稻的真菌性病害。该病主要为害稻株地上部分，以叶片为多。', '该病在水稻各生育期和地上各部位均可发生，以叶片发病最普遍，其次为谷粒、穗颈和枝梗等。叶片受害后初为小褐点，后扩大为椭圆形褐色病斑，因大小似胡麻籽，故称之为胡麻斑病。病斑边缘明显，外围常有黄色晕圈，后期病斑中央呈灰黄或灰白色。严重时病斑密生，常相联合，形成不规则大斑。谷粒上病斑与叶片上病斑相似，可扩展至全谷粒，湿度大时内外颖合缝处及谷粒表面产生大量黑色绒毛状霉层。穗颈和枝梗受害，症状与稻瘟病相似，但病部呈深褐色，变色部较长。', '用25%咪鲜胺乳油2000倍液浸种。施足基肥，注意氮磷钾的配合施用。实施浅水勤灌，既要避免长期淹灌又要防止缺水受旱。亩用40%稻瘟灵80毫升+30%苯醚甲环唑10毫升+磷酸二氢钾100克+有机硅10克兑水30公斤喷雾，隔2-3天再喷一次。', '由于水稻胡麻斑病在土质差、肥力低的条件下，发病严重，必须注重改良土壤。要增施基肥，及时追肥，并做到氮、磷、钾肥适当配合。砂质土应多施腐熟堆肥作基肥，以增加土壤保肥力。酸性土要注意排水，增强通透性，还可适量施用石灰，以促进土内有机质分解。当稻叶因缺氮发黄时，要及时追施硫酸铵、人粪尿等速效肥。病田施用钾肥，可减轻病害。', 18);

-- ----------------------------
-- Table structure for user
-- ----------------------------
DROP TABLE IF EXISTS `user`;
CREATE TABLE `user`  (
  `userId` int(0) NOT NULL AUTO_INCREMENT,
  `username` varchar(20) CHARACTER SET utf8 COLLATE utf8_general_ci DEFAULT NULL,
  `password` varchar(20) CHARACTER SET utf8 COLLATE utf8_general_ci DEFAULT NULL,
  `nickname` varchar(20) CHARACTER SET utf8 COLLATE utf8_general_ci DEFAULT NULL,
  `sex` varchar(5) CHARACTER SET utf8 COLLATE utf8_general_ci DEFAULT NULL,
  `phone` varchar(20) CHARACTER SET utf8 COLLATE utf8_general_ci DEFAULT NULL,
  `email` varchar(20) CHARACTER SET utf8 COLLATE utf8_general_ci DEFAULT NULL,
  `truename` varchar(20) CHARACTER SET utf8 COLLATE utf8_general_ci DEFAULT NULL,
  `idcard` varchar(20) CHARACTER SET utf8 COLLATE utf8_general_ci DEFAULT NULL,
  `userimg` varchar(255) CHARACTER SET utf8 COLLATE utf8_general_ci DEFAULT NULL,
  PRIMARY KEY (`userId`) USING BTREE
) ENGINE = InnoDB AUTO_INCREMENT = 2007 CHARACTER SET = utf8 COLLATE = utf8_general_ci ROW_FORMAT = Dynamic;

-- ----------------------------
-- Records of user
-- ----------------------------
INSERT INTO `user` VALUES (1, 'longhair', '1', '长发哥', '男', '18224426754', '00nPfWxI@163.com', '单嘉强', '341701201708288', 'https://z3.ax1x.com/2021/07/29/WqcG4J.png');
INSERT INTO `user` VALUES (2, 'blueskyfly', '123456', '大婶姐', '女', '15087792240', 'iBDzzjpvop@189.com', '蓝天翔', '630224201612188', 'https://pic1.zhimg.com/50/v2-6afa72220d29f045c15217aa6b275808_hd.jpg');
INSERT INTO `user` VALUES (3, 'commet', '123456', '一起来看流星雨', '女', '19124606354', '6kPs46K@126.com', '刘心宇', '330503201611261', 'https://pic1.zhimg.com/50/v2-6afa72220d29f045c15217aa6b275808_hd.jpg');
INSERT INTO `user` VALUES (4, 'jtsdw', '1', '敬亭山大王', '男', '123456789', 'hello@ctgu.comm', '吴彦祖', '66666666666', 'https://pic4.zhimg.com/v2-7e812845a1596a4eba6cac1fe143c62e_is.jpg');
INSERT INTO `user` VALUES (5, 'zyw', '123', '健壮的领带', '女', '18590368671', 'ewC9NVWdpqZw@189.com', '孟秦澈', '542424202011267', 'https://pic1.zhimg.com/50/v2-6afa72220d29f045c15217aa6b275808_hd.jpg');
INSERT INTO `user` VALUES (6, 'xJI8m0jm0mCs', '123456', '烦恼的沙发', '女', '13088200835', 'X4z6Wtt@126.com', '陆如意', '441422202007315', 'https://pic1.zhimg.com/50/v2-6afa72220d29f045c15217aa6b275808_hd.jpg');
INSERT INTO `user` VALUES (7, 'zLWADBcnvqCB', '123456', '文武双全的柠檬', '男', '18578865826', 'wfo1vDqp5h@163.com', '武雅隽', '513325201801255', 'https://pic1.zhimg.com/50/v2-6afa72220d29f045c15217aa6b275808_hd.jpg');
INSERT INTO `user` VALUES (8, 'qwi8Rqf', '123456', '不羁的领带', '男', '19881834912', 'hXLeEXJi@qq.com', '丁叶芳', '130828201905310', '');
INSERT INTO `user` VALUES (9, 'DNtWJ', '123456', '爱听歌的煎饼果子', '男', '19356288351', 'q2jqVm87Jn@qq.com', '彭向彤', '469026201706112', '');
INSERT INTO `user` VALUES (10, 'dm4Cv0', '123456', '潇洒的金鱼', '男', '13992471783', 'HJtq7giqY03@126.com', '贾泽芳', '420105201801187', '');
INSERT INTO `user` VALUES (11, 'nGlp9D', '123456', '无邪的鸵鸟', '女', '19983178806', 'mfwzTzv@qq.com', '李依娜', '220100201808267', '');
INSERT INTO `user` VALUES (12, 'G51fmtngpb', '123456', '灰常酷的灭火器', '女', '18477147154', '8nGJbWWB@qq.com', '曾芳春', '220101201508110', '');
INSERT INTO `user` VALUES (13, 'CLIoP195I', '123456', '奔跑的紫菜汤', '女', '18680090499', 'WUCOdvZhikmh@163.com', '史芝兰', '532923201807259', '');
INSERT INTO `user` VALUES (14, 'qKqt5UF', '123456', '气宇轩昂的啤酒', '女', '13362077482', '4MZ2pwxMG@qq.com', '漕尔柳', '140802201506120', '');
INSERT INTO `user` VALUES (15, 'v4XAl', '123456', '魁梧的芒果', '男', '13733700987', 'tccdV3R2@163.com', '孟炎琳', '445100201707070', '');
INSERT INTO `user` VALUES (16, '22hGX', '123456', '酒量大的台灯', '女', '13680184389', 'X3rtKCz@qq.com', '陈雨茹', '431003201910293', '');
INSERT INTO `user` VALUES (17, 'PhrXo2e5w7Jn', '123456', '行走的甜瓜', '男', '14587094576', 'AFEWhC@189.com', '于靖儿', '37082820170216X', '');
INSERT INTO `user` VALUES (18, 'pSqJYr7G', '123456', '高大的炒粉', '女', '19169951845', 'tSrlO98Yo@163.com', '史夏彤', '350981201811194', '');
INSERT INTO `user` VALUES (19, '7yeENspoBqcqm', '123456', '沉稳的佛珠', '男', '19310874511', 'lJ5RrcO5y5@189.com', '廖楚楚', '450105201807149', '');
INSERT INTO `user` VALUES (20, 'KhuVwD', '123456', '健身的红薯', '女', '15937081286', 'AzSYqlTu@163.com', '程春雨', '321084201611220', '');
INSERT INTO `user` VALUES (21, 'qUhbK', '123456', '率性的海豚', '男', '17339218748', '4z1xikEv@qq.com', '胡心诺', '330922201702225', '');
INSERT INTO `user` VALUES (22, 'sW5PJ3', '123456', '刚失恋', '男', '17795388505', 'RzpqFpHqpo@189.com', '廖思莲', '370203201801094', '');
INSERT INTO `user` VALUES (23, 'H9Rn4uC1oKW', '123456', '精明的大蒜', '女', '18709984372', 'sTV075JUtAGx@126.com', '蔡晴照', '420323202009220', '');
INSERT INTO `user` VALUES (24, 'XH1P9', '123456', '谈吐大方的香菇', '女', '15236604709', 'ioutb44u3ewT@qq.com', '赵玉环', '610929201912249', '');
INSERT INTO `user` VALUES (25, 'EJejREgP9j6', '123456', '知识渊博的牛肉面', '女', '18191630617', 'w40yWxU4x@qq.com', '邓隽美', '530900201905105', '');
INSERT INTO `user` VALUES (26, 'ecHDFWvW', '123456', '心软的面包', '男', '19959670100', 'j7xp34@163.com', '黎兰娜', '321002201811010', '');
INSERT INTO `user` VALUES (27, 'VFihcxSwC', '123456', '低调的围巾', '女', '18860110972', 'OZ6ysu1@189.com', '孔桐华', '130400202007131', '');
INSERT INTO `user` VALUES (28, '1fWR4xkcAbl', '123456', '爱笑的煎饼', '女', '17196319292', 'jWsSgJ@126.com', '夏任真', '431302201511204', '');
INSERT INTO `user` VALUES (29, 'Sd2R8Dq', '123456', '风度翩翩的显示器', '女', '13842740926', 'YRSf34@qq.com', '邓悦书', '65420020170325X', '');
INSERT INTO `user` VALUES (30, 'Gpe8W', '123456', '内向的梨子', '女', '18110442938', 'Lo3cWCGlRA7@qq.com', '龙寻菡', '540102201912193', '');
INSERT INTO `user` VALUES (31, 'ZyI7yRZ', '123456', '仗义的闹钟', '女', '17353117360', 'T5ukoTIh@126.com', '萧清华', '110105201811074', '');
INSERT INTO `user` VALUES (32, 'Y6HGW', '123456', '冷冷的消防车', '男', '13466413309', 'ICM6JCGHXCZ@qq.com', '钱颐真', '441402201606020', '');
INSERT INTO `user` VALUES (33, 'yEuEj1H23IVW', '123456', '追风的胡萝卜', '男', '13927599722', 'xfzZScMCW2G@126.com', '段灵竹', '440784201610190', '');
INSERT INTO `user` VALUES (34, 'ZxXDUMLmVPz9L', '123456', '伤情的生菜', '女', '17662215582', 'LKGL4T@126.com', '白婉奕', '141034201904158', '');
INSERT INTO `user` VALUES (35, 'XorgTlEJU', '123456', '想出家的凳子', '男', '18719510376', 'uhLWxr2@126.com', '戴初蝶', '542429201501221', '');
INSERT INTO `user` VALUES (36, 'ggZvcM', '123456', '性感的火柴', '女', '13454065915', 'mh0b4UgA@126.com', '武书语', '230803201906060', '');
INSERT INTO `user` VALUES (37, 'wGml1DAFfG7', '123456', '活泼的绿豆', '男', '15179478700', 'ZTUG16xs@189.com', '廖雅莉', '530422201912077', '');
INSERT INTO `user` VALUES (38, '0VqyKC', '123456', '闷骚的薯片', '女', '14787890868', 'rBfiBq@126.com', '黎西华', '150824202010216', '');
INSERT INTO `user` VALUES (39, 'j4978n', '123456', '慷慨大方的骆驼', '女', '13116962866', 'EZywPwns8pt@163.com', '漕瑜敏', '140202201609116', '');
INSERT INTO `user` VALUES (40, 'MkVPpctVG', '123456', '粗眉毛的牛肉面', '男', '18680253939', 'CRikSH@189.com', '熊晗玥', '451101201803119', '');
INSERT INTO `user` VALUES (41, '2hqWvWiIUh', '123456', '快乐的小刀', '男', '18375675359', 'TU5h6fII8@189.com', '杜海萍', '440515202011103', '');
INSERT INTO `user` VALUES (42, 'CyTuj8ibBS', '123456', '儒雅的剪刀', '女', '13293774063', 'zS1Vlg02qUeN@qq.com', '许菁英', '211301201810085', '');
INSERT INTO `user` VALUES (43, '4I2YW', '123456', '纯真的镜子', '男', '17844796758', 'mjCmD5z5X@189.com', '邵晨辰', '370613201705092', '');
INSERT INTO `user` VALUES (44, 'GrWfqL', '123456', '纯真', '女', '18474060695', '07XnAJ9@163.com', '史谷兰', '520101201808015', '');
INSERT INTO `user` VALUES (45, '6qDbi', '123456', '闷骚的手套', '男', '15666115901', 'HkOW22KgX@qq.com', '龙香馨', '340823201506054', '');
INSERT INTO `user` VALUES (46, 'RzRyV9ZYvBA', '123456', '聪明的蛋挞', '女', '13678575570', 'huEOoUR@126.com', '马西贝', '460101201511182', '');
INSERT INTO `user` VALUES (47, 'I9j2dU', '123456', '聪明的牛肉面', '男', '15178971618', 'JJhKNsVjucw@163.com', '侯雅柔', '130123202009088', '');
INSERT INTO `user` VALUES (48, 'gzoscXr', '123456', '想旅行的蟠桃', '女', '15940641273', '9OqhMd5AP@163.com', '阎秋荷', '621102201512107', '');
INSERT INTO `user` VALUES (49, 'DzoThqHICBShy', '123456', '内向的充值卡', '男', '13328486314', 'G1g6qYdT3CwH@163.com', '王青蓉', '421000201512311', '');
INSERT INTO `user` VALUES (50, 'yfk3e8q', '123456', '大鼻子的鞭炮', '男', '15850772327', 'NP7ore@126.com', '陈之玉', '450900201703269', '');
INSERT INTO `user` VALUES (51, 'HMbbTuvR30', '123456', '文雅的烤红薯', '女', '13467039361', 'DqdtJ3ix@163.com', '阎新语', '350582201709133', '');
INSERT INTO `user` VALUES (52, 'b0nSeetxieL', '123456', '失望的黑框眼镜', '女', '18944504325', 'KRBZm6OV61EW@189.com', '郑如之', '451423201807075', '');
INSERT INTO `user` VALUES (53, 'A3G4Ls3n', '123456', '想旅行的键盘', '女', '17377709378', 'ExHxsFGhvk8@126.com', '陆雪卉', '130627201505125', '');
INSERT INTO `user` VALUES (54, 'GsFsjXSZ2', '123456', '豁达的槟榔', '女', '19815138798', 'Afe2s2MGZ@189.com', '段韶丽', '640301201804258', '');
INSERT INTO `user` VALUES (55, '6n882AI9', '123456', '另类的青蛙', '女', '13489244076', '8ZtnFgJdnEne@126.com', '夏吉敏', '371327201904125', '');
INSERT INTO `user` VALUES (56, 'dzDCRLwbscXWp', '123456', '飘逸的匕首', '男', '13481558822', 'vHrz2DLxdZf@163.com', '文秋莲', '542200201811068', '');
INSERT INTO `user` VALUES (57, 'KbsetvZ9', '123456', '爱旅游的创口贴', '男', '15115362571', 'GXKPZ9J9gzW@qq.com', '文谷梦', '310117201512128', '');
INSERT INTO `user` VALUES (58, 'GYM2qV3', '123456', '坐怀不乱的红金鱼', '女', '18682748691', 'IwL7qC76@189.com', '邵诗云', '440224201908022', '');
INSERT INTO `user` VALUES (59, 'lWl0WE5mi2tgx', '123456', '深情的风衣', '男', '17147799392', 'ycXKBL@163.com', '杜永琴', '421181201703153', '');
INSERT INTO `user` VALUES (60, 'BEFMijjd5F', '123456', '跑龙套的蜡烛', '男', '15173530015', 'PzUwj1@163.com', '吕莹洁', '52263520200620X', '');
INSERT INTO `user` VALUES (61, '97Kue', '123456', '一身肌肉的凉茶', '女', '17522480468', 'uSUVl4E6F4K@126.com', '宋玲琅', '341126201710257', '');
INSERT INTO `user` VALUES (62, 'ltsKh', '123456', '不羁的咖啡豆', '男', '13493299732', 'h0YRPKm8oo@126.com', '于夜午', '522622201511217', '');
INSERT INTO `user` VALUES (63, 'XLFdbKmq', '123456', '呐喊的乌龙茶', '女', '14526200982', '8lflzd9@126.com', '叶山芙', '140101201509071', '');
INSERT INTO `user` VALUES (64, '86RNqo', '123456', '豪爽的花卷', '男', '17714458097', 'LIH0mH@163.com', '于冰心', '533324201709246', '');
INSERT INTO `user` VALUES (65, 'KPlJc', '123456', '傻傻的铁链', '男', '18206347768', 'Cinf9Xi7@189.com', '崔幻巧', '440205201803163', '');
INSERT INTO `user` VALUES (66, 'pPkCNyCWM', '123456', '老实的闹钟', '女', '15372401883', 'bGjELPW@126.com', '何秀雅', '653024201612288', '');
INSERT INTO `user` VALUES (67, 'KLZf94Wfh7qRy', '123456', '谦虚好学的荒野', '女', '18329990761', 'B0MjVJLI5@163.com', '沈丹萱', '230124201812023', '');
INSERT INTO `user` VALUES (68, 'TIH85kk6kDvF', '123456', '眼睛小的电脑桌', '男', '14563098463', 'MK4cC8ndB8O@qq.com', '黎筠溪', '44532320170726X', '');
INSERT INTO `user` VALUES (69, 'R0skmBU4', '123456', '眼睛小的荔枝', '女', '13716198411', 'KYZCdn@126.com', '彭如仪', '513332201911135', '');
INSERT INTO `user` VALUES (70, '6cR8uI', '123456', '坏坏的柿子', '男', '17808296532', 'qMftqeU6M@qq.com', '漕立芬', '341822201702032', '');
INSERT INTO `user` VALUES (71, 'lLsqz', '123456', '儒雅的登山鞋', '男', '18528467255', '4WMnuIY7ImK@126.com', '姚听南', '421102201906286', '');
INSERT INTO `user` VALUES (72, 'mE1Li2jhrHYuI', '123456', '乖乖的小狗', '女', '15763955354', '1qmhTDdH7ol@qq.com', '程晶瑶', '331125201909125', '');
INSERT INTO `user` VALUES (73, 'uTErp', '123456', '调皮的蟠桃', '女', '17831472712', 'r18Aj4OxI9@126.com', '汪幻柏', '210401201805220', '');
INSERT INTO `user` VALUES (74, '3PPGUETwyNV', '123456', '时尚的墨镜', '男', '18163948559', 'oIjdNZqo82b@163.com', '任暖瞳', '340826201905270', '');
INSERT INTO `user` VALUES (75, 'A0Yu8o', '123456', '瘦瘦的人字拖', '男', '17514064837', 'qDHdMMUdeF7f@163.com', '董雨彤', '610400201811100', '');
INSERT INTO `user` VALUES (76, 'ILHZA', '123456', '奔跑的台灯', '女', '18251276487', 'wSzWsJvbh27@189.com', '汤唱月', '130800202010131', '');
INSERT INTO `user` VALUES (77, 't3dZAd9Wi', '123456', '失眠的木耳', '男', '16672041378', 'vW1U6YR6x@qq.com', '刘芸静', '310114202007105', '');
INSERT INTO `user` VALUES (78, 'ENg2F', '123456', '怕考试的登山鞋', '女', '15144081418', 'GnjhtSPwCCy@189.com', '唐琬琰', '451423201503158', '');
INSERT INTO `user` VALUES (79, 'EYEsYJO4', '123456', '眼睛小的橡皮擦', '女', '17703049631', '48jd6l8zdyG@189.com', '任丽霞', '610629201703246', '');
INSERT INTO `user` VALUES (80, 'vjAfWw8rL', '123456', '彷徨的番茄', '男', '18553786155', 'nmDRBWksF733@126.com', '林静慧', '511300202001023', '');
INSERT INTO `user` VALUES (81, 'TVcGS6', '123456', '耍酷的骆驼', '男', '15386485556', 'HKZNHz1bi7@163.com', '郝若英', '371327201512174', '');
INSERT INTO `user` VALUES (82, 'RyGf9YwjAY', '123456', '侠义非凡的键盘', '男', '13021534804', 'JYPW6jjHk@qq.com', '陆娴静', '640200202004044', '');
INSERT INTO `user` VALUES (83, 'd1HhA6d', '123456', '很酷的卡布奇诺', '女', '13289001443', 'YVjwfgJn9z@163.com', '邱燕子', '610624201908049', '');
INSERT INTO `user` VALUES (84, 'zOhXfYCs', '123456', '失眠的杨桃', '女', '18151595610', 'ToGSf1J9M@qq.com', '李嘉颖', '33110120160910X', '');
INSERT INTO `user` VALUES (85, 'NBDpWACE', '123456', '痴情的跑步鞋', '女', '18892105573', 'LB887BPoCs@qq.com', '龙秦澈', '210727201512104', '');
INSERT INTO `user` VALUES (86, 'defDgeWKW82Fg', '123456', '健壮的火龙果', '男', '15529598430', '96mB7PI@qq.com', '罗芸欣', '150901201507029', '');
INSERT INTO `user` VALUES (87, '8K7W4B', '123456', '另类的回锅肉', '男', '13473296903', 'WfWDgrH@189.com', '田彤雯', '130202201609259', '');
INSERT INTO `user` VALUES (88, 'iOutV', '123456', '年轻有为的火腿肠', '男', '17520416803', 'rLZibSPgt8F@189.com', '段水蓉', '430801201502028', '');
INSERT INTO `user` VALUES (89, 'iTpMvp65', '123456', '笑点低的大象', '男', '19366154837', 'tLRzqh@qq.com', '万嘉美', '13042820160810X', '');
INSERT INTO `user` VALUES (90, 'pFqSTV2E', '123456', '从未表白的闹钟', '男', '13397415348', 'mxmyz0j@189.com', '秦雨寒', '210106201702259', '');
INSERT INTO `user` VALUES (91, 'Ln0SJmY1gWW1k', '123456', '非常酷的盒饭', '男', '17663977515', 'wD2KeUfO@126.com', '宋端雅', '632221201803047', '');
INSERT INTO `user` VALUES (92, 'CC8lTK', '123456', '眼睛小的红金鱼', '女', '15274073831', 'TUAMi5IDm@163.com', '冯美玲', '430923202005070', '');
INSERT INTO `user` VALUES (93, 'hUjM1CvxTN6j2', '123456', '爱吹牛的鸵鸟', '女', '13262056358', 'ecBLZO@126.com', '秦殷歌', '652823202009019', '');
INSERT INTO `user` VALUES (94, 'gzv2W', '123456', '活泼的洋葱', '女', '15198338207', 'OT9qPxm@qq.com', '叶珠佩', '441481201806277', '');
INSERT INTO `user` VALUES (95, 'BxC92W', '123456', '酒量大的大葱', '女', '15305727424', 'r6zitqW@qq.com', '方水芸', '230621201807059', '');
INSERT INTO `user` VALUES (96, 'X7ObXHIGzP0W', '123456', '火爆的胡萝卜', '女', '15800918124', 'oWnpCmbvIrPc@163.com', '谢琴雪', '141002201901280', '');
INSERT INTO `user` VALUES (97, 'mdWiWo', '123456', '阳光的乌冬面', '女', '13236432026', 'dPj3ol@126.com', '薛雅美', '431127202002202', '');
INSERT INTO `user` VALUES (98, 'SeIYiKK8yY', '123456', '细心的猴子', '男', '14989760823', 'hGiqWK@126.com', '邓傲云', '211202201904166', '');
INSERT INTO `user` VALUES (99, 'kqHHouoWf', '123456', '开朗的鸭蛋', '女', '18056437593', 'Ti8xnk@qq.com', '顾肖奈', '210703201809305', '');
INSERT INTO `user` VALUES (100, 'nnPM1pqhv1', '123456', '绅士的跑步鞋', '男', '18955293972', 'y1SteW@126.com', '苏柏颜', '510501202010317', '');
INSERT INTO `user` VALUES (2004, '1', '1', NULL, NULL, NULL, '1', NULL, NULL, NULL);
INSERT INTO `user` VALUES (2005, 'magicp', '123456', '11111', '', '', '121321321', NULL, NULL, NULL);
INSERT INTO `user` VALUES (2006, 'longhair', '111', NULL, NULL, NULL, '111', NULL, NULL, NULL);

SET FOREIGN_KEY_CHECKS = 1;
